id,answers,correct_answer,question,edition,json,test
001,"[""Abraham Lincoln"",""George Washington"",""Thomas Jefferson"",""Andrew Jackson""]",1,What US President's face appears on the quarter coin?,All,"{""id"":""001"",""question"":""What US President's face appears on the quarter coin?"",""correct_answer"":1,""answers"":[""Abraham Lincoln"",""George Washington"",""Thomas Jefferson"",""Andrew Jackson""],""edition"":""All""}",test
002,"[""Florida"",""Texas"",""Utah"",""California""]",3,What US State is nicknamed dquotesThe Golden State?dquotes,All,"{""id"":""002"",""question"":""What US State is nicknamed dquotesThe Golden State?dquotes"",""correct_answer"":3,""answers"":[""Florida"",""Texas"",""Utah"",""California""],""edition"":""All""}",
003,"[""Persephone"",""Artemis"",""Dionysus"",""Demeter""]",3,What is the name of the Greek God/Goddess of the harvest and agriculture?,Global,"{""id"":""003"",""question"":""What is the name of the Greek God/Goddess of the harvest and agriculture?"",""correct_answer"":3,""answers"":[""Persephone"",""Artemis"",""Dionysus"",""Demeter""],""edition"":""Global""}",
004,"[""Ernest"",""Harry"",""Herb"",""Eugene""]",2,"In the television show dquotesThe Simpsons,dquotes what is the name of Homer's half brother?",Global,"{""id"":""004"",""question"":""In the television show dquotesThe Simpsons,dquotes what is the name of Homer's half brother?"",""correct_answer"":2,""answers"":[""Ernest"",""Harry"",""Herb"",""Eugene""],""edition"":""Global""}",
005,"[""F. Scott Fitzgerald"",""Ernest Hemingway"",""T.S. Elliot"",""Gertrude Stein""]",0,Who wrote the classic novel dquotesThis Side of Paradisedquotes in 1920?,Global,"{""id"":""005"",""question"":""Who wrote the classic novel dquotesThis Side of Paradisedquotes in 1920?"",""correct_answer"":0,""answers"":[""F. Scott Fitzgerald"",""Ernest Hemingway"",""T.S. Elliot"",""Gertrude Stein""],""edition"":""Global""}",
006,"[""The Kids Are Alright"",""Teenage Wasteland"",""Hello Wisconsin"",""None, it was always dquotesThat 70s Showdquotes""]",1,Which of these options was the original title for the sitcom dquotesThat 70s Show?dquotes,Global,"{""id"":""006"",""question"":""Which of these options was the original title for the sitcom dquotesThat 70s Show?dquotes"",""correct_answer"":1,""answers"":[""The Kids Are Alright"",""Teenage Wasteland"",""Hello Wisconsin"",""None, it was always dquotesThat 70s Showdquotes""],""edition"":""Global""}",
007,"[""Denmark"",""Hungary"",""Netherlands"",""Austria""]",0,Copenhagen is the capital of what European country?,Global,"{""id"":""007"",""question"":""Copenhagen is the capital of what European country?"",""correct_answer"":0,""answers"":[""Denmark"",""Hungary"",""Netherlands"",""Austria""],""edition"":""Global""}",
008,"[""Hawkins Memorial Mall"",""Heart of Hawkins Mall"",""Starcourt Mall"",""Stardew Mall""]",2,"What is the name of the mall in dquotesStranger Thingsdquotes where Steve, Robin, Dustin, and Erika spend most of season 3?",Global,"{""id"":""008"",""question"":""What is the name of the mall in dquotesStranger Thingsdquotes where Steve, Robin, Dustin, and Erika spend most of season 3?"",""correct_answer"":2,""answers"":[""Hawkins Memorial Mall"",""Heart of Hawkins Mall"",""Starcourt Mall"",""Stardew Mall""],""edition"":""Global""}",
009,"[""1748"",""1767"",""1776"",""1667""]",2,What year was The Declaration if Independence signed?,All,"{""id"":""009"",""question"":""What year was The Declaration if Independence signed?"",""correct_answer"":2,""answers"":[""1748"",""1767"",""1776"",""1667""],""edition"":""All""}",
010,"[""Franklin Delano Roosevelt"",""Abraham Lincoln"",""Theodore Roosevelt"",""George Washington""]",0,Which of these US Presidents are NOT carved on Mount Rushmore?,All,"{""id"":""010"",""question"":""Which of these US Presidents are NOT carved on Mount Rushmore?"",""correct_answer"":0,""answers"":[""Franklin Delano Roosevelt"",""Abraham Lincoln"",""Theodore Roosevelt"",""George Washington""],""edition"":""All""}",
011,"[""Environmental Laws"",""Insider Trading"",""Food Safety Laws"",""Child Labor Laws""]",2,What did Upton Sinclair's book dquotesThe Jungledquotes help create legislation for?,All,"{""id"":""011"",""question"":""What did Upton Sinclair's book dquotesThe Jungledquotes help create legislation for?"",""correct_answer"":2,""answers"":[""Environmental Laws"",""Insider Trading"",""Food Safety Laws"",""Child Labor Laws""],""edition"":""All""}",
012,"[""The Ottoman Empire"",""The Mongol Empire"",""The Roman Empire"",""The British Empire""]",1,What is considered the largest empire in all of history?,Global,"{""id"":""012"",""question"":""What is considered the largest empire in all of history?"",""correct_answer"":1,""answers"":[""The Ottoman Empire"",""The Mongol Empire"",""The Roman Empire"",""The British Empire""],""edition"":""Global""}",
013,"[""2002"",""2009"",""2007"",""2005""]",2,What year was the first iPhone released?,Global,"{""id"":""013"",""question"":""What year was the first iPhone released?"",""correct_answer"":2,""answers"":[""2002"",""2009"",""2007"",""2005""],""edition"":""Global""}",
014,"[""Lamb"",""Pig"",""Sheep"",""Monkey""]",2,Dolly was the name of the first mammal ever cloned. What species of mammal was Dolly?,Global,"{""id"":""014"",""question"":""Dolly was the name of the first mammal ever cloned. What species of mammal was Dolly?"",""correct_answer"":2,""answers"":[""Lamb"",""Pig"",""Sheep"",""Monkey""],""edition"":""Global""}",
015,"[""Flatwoods Monster"",""Fresno Nightcrawler"",""Bigfoot"",""Mothman""]",3,What Cryptid first seen in West Virginia is often called dquotesThe Harbinger of Doom?dquotes,Global,"{""id"":""015"",""question"":""What Cryptid first seen in West Virginia is often called dquotesThe Harbinger of Doom?dquotes"",""correct_answer"":3,""answers"":[""Flatwoods Monster"",""Fresno Nightcrawler"",""Bigfoot"",""Mothman""],""edition"":""Global""}",
016,"[""Love"",""Hope"",""Patience"",""Virtue""]",1,"According to Greek mythology, when Pandora's box was opened all of the miseries and misfortunes of man where released. What was the only thing left in the box?",Global,"{""id"":""016"",""question"":""According to Greek mythology, when Pandora's box was opened all of the miseries and misfortunes of man where released. What was the only thing left in the box?"",""correct_answer"":1,""answers"":[""Love"",""Hope"",""Patience"",""Virtue""],""edition"":""Global""}",
017,"[""Hephaestus"",""Apollo"",""Aries"",""Hermes""]",3,What Greek God was considered the dquotesHerald of the Gods?dquotes,Global,"{""id"":""017"",""question"":""What Greek God was considered the dquotesHerald of the Gods?dquotes"",""correct_answer"":3,""answers"":[""Hephaestus"",""Apollo"",""Aries"",""Hermes""],""edition"":""Global""}",
018,"[""Virgo & Gemini"",""Gemini & Leo"",""Aries & Capricorn"",""Leo & Virgo""]",0,"In modern Astrology, zodiac signs are ruled by planets. What two signs does Mercury rule?",Global,"{""id"":""018"",""question"":""In modern Astrology, zodiac signs are ruled by planets. What two signs does Mercury rule?"",""correct_answer"":0,""answers"":[""Virgo & Gemini"",""Gemini & Leo"",""Aries & Capricorn"",""Leo & Virgo""],""edition"":""Global""}",
019,"[""Libra"",""Taurus"",""Capricorn"",""Leo  ""]",1,The bull represents what zodiac sign?,Global,"{""id"":""019"",""question"":""The bull represents what zodiac sign?"",""correct_answer"":1,""answers"":[""Libra"",""Taurus"",""Capricorn"",""Leo  ""],""edition"":""Global""}",
020,"[""The Globe Theatre"",""The Sonnet Theatre"",""Shakespeare's Theatre"",""The Piccadilly Theatre""]",0,What was the name of William Shakespeare's theatre?,Global,"{""id"":""020"",""question"":""What was the name of William Shakespeare's theatre?"",""correct_answer"":0,""answers"":[""The Globe Theatre"",""The Sonnet Theatre"",""Shakespeare's Theatre"",""The Piccadilly Theatre""],""edition"":""Global""}",
021,"[""Ghostbusters costume"",""Michael Myers costume"",""An alien mask"",""No costume""]",1,What does Sadie Sink's character Max in dquotesStranger Thingsdquotes wear for Halloween?,Global,"{""id"":""021"",""question"":""What does Sadie Sink's character Max in dquotesStranger Thingsdquotes wear for Halloween?"",""correct_answer"":1,""answers"":[""Ghostbusters costume"",""Michael Myers costume"",""An alien mask"",""No costume""],""edition"":""Global""}",
022,"[""Huey Lewis and the News"",""Funkadelic"",""Ray Parker Jr."",""Eurythmics""]",2,Who wrote and performed the theme for the cult classic film dquotesGhostbusters?dquotes,Global,"{""id"":""022"",""question"":""Who wrote and performed the theme for the cult classic film dquotesGhostbusters?dquotes"",""correct_answer"":2,""answers"":[""Huey Lewis and the News"",""Funkadelic"",""Ray Parker Jr."",""Eurythmics""],""edition"":""Global""}",
023,"[""Taxi Driver"",""Tootsie"",""Escape from New York"",""Midnight Cowboy""]",3,In was film was the phrase dquotesI'm walking heredquotes ad libbed when the actor saying it was almost hit by a car?,Global,"{""id"":""023"",""question"":""In was film was the phrase dquotesI'm walking heredquotes ad libbed when the actor saying it was almost hit by a car?"",""correct_answer"":3,""answers"":[""Taxi Driver"",""Tootsie"",""Escape from New York"",""Midnight Cowboy""],""edition"":""Global""}",
024,"[""Delaware"",""Pennsylvania"",""Massachusetts"",""New Jersey""]",2,What was the first state to sign the Declaration of Independence?,All,"{""id"":""024"",""question"":""What was the first state to sign the Declaration of Independence?"",""correct_answer"":2,""answers"":[""Delaware"",""Pennsylvania"",""Massachusetts"",""New Jersey""],""edition"":""All""}",
025,"[""21st Amendment"",""18th Amendment"",""15th Amendment"",""19th Amendment""]",3,Women were granted the right to vote when what amendment was passed?,All,"{""id"":""025"",""question"":""Women were granted the right to vote when what amendment was passed?"",""correct_answer"":3,""answers"":[""21st Amendment"",""18th Amendment"",""15th Amendment"",""19th Amendment""],""edition"":""All""}",
026,"[""Theodore Roosevelt"",""Franklin Delano Roosevelt"",""Herbert Hoover"",""John F. Kennedy""]",1,What US President was famous for their dquotesFireside Chatsdquotes where they spoke to citizens over the radio to calm their nerves during crisis?,All,"{""id"":""026"",""question"":""What US President was famous for their dquotesFireside Chatsdquotes where they spoke to citizens over the radio to calm their nerves during crisis?"",""correct_answer"":1,""answers"":[""Theodore Roosevelt"",""Franklin Delano Roosevelt"",""Herbert Hoover"",""John F. Kennedy""],""edition"":""All""}",
027,"[""Ronald Reagan"",""Dwight D. Eisenhower"",""Richard Nixon"",""Bill Clinton""]",2,Who was the only president in US history to resign?,All,"{""id"":""027"",""question"":""Who was the only president in US history to resign?"",""correct_answer"":2,""answers"":[""Ronald Reagan"",""Dwight D. Eisenhower"",""Richard Nixon"",""Bill Clinton""],""edition"":""All""}",
028,"[""Hip to Be Square"",""Take On Me"",""Wake Me Up Before You Go-Go"",""Old Time Rock and Roll""]",3,What song did Tom Cruise's character lip sync in his underwear in the iconic dquotesRisky Businessdquotes scene?,Global,"{""id"":""028"",""question"":""What song did Tom Cruise's character lip sync in his underwear in the iconic dquotesRisky Businessdquotes scene?"",""correct_answer"":3,""answers"":[""Hip to Be Square"",""Take On Me"",""Wake Me Up Before You Go-Go"",""Old Time Rock and Roll""],""edition"":""Global""}",
029,"[""dquotesLa La Landdquotes"",""dquotesMoonlightdquotes"",""dquotesArrivaldquotes"",""dquotesManchester by the Seadquotes""]",0,What film was incorrectly called for the best picture winner during the 2017 Oscars?,Global,"{""id"":""029"",""question"":""What film was incorrectly called for the best picture winner during the 2017 Oscars?"",""correct_answer"":0,""answers"":[""dquotesLa La Landdquotes"",""dquotesMoonlightdquotes"",""dquotesArrivaldquotes"",""dquotesManchester by the Seadquotes""],""edition"":""Global""}",
030,"[""dquotesVertigodquotes"",""dquotesJamaica Planedquotes"",""dquotesRopedquotes"",""dquotesThe Birdsdquotes""]",2,What was the name of the Alfred Hitchcock movie filmed to look like one continuous shot?,Global,"{""id"":""030"",""question"":""What was the name of the Alfred Hitchcock movie filmed to look like one continuous shot?"",""correct_answer"":2,""answers"":[""dquotesVertigodquotes"",""dquotesJamaica Planedquotes"",""dquotesRopedquotes"",""dquotesThe Birdsdquotes""],""edition"":""Global""}",
031,"[""England"",""Morrocoys"",""Monaco"",""Norway""]",2,"Originally from Philadelphia, Grace Kelly married a prince and became the Princess of what country?",Global,"{""id"":""031"",""question"":""Originally from Philadelphia, Grace Kelly married a prince and became the Princess of what country?"",""correct_answer"":2,""answers"":[""England"",""Morrocoys"",""Monaco"",""Norway""],""edition"":""Global""}",
032,"[""dquotesCasablancadquotes"",""dquotesGone With the Winddquotes"",""dquotesAvatardquotes"",""dquotesTitanicdquotes""]",1,"Taking inflation into account, what is the highest grossing movie of all time?",Global,"{""id"":""032"",""question"":""Taking inflation into account, what is the highest grossing movie of all time?"",""correct_answer"":1,""answers"":[""dquotesCasablancadquotes"",""dquotesGone With the Winddquotes"",""dquotesAvatardquotes"",""dquotesTitanicdquotes""],""edition"":""Global""}",
033,"[""Jonesy"",""Pumpkin"",""Stevie"",""Tiger""]",0,What was the name of the orange cat kept on the ship in dquotesAlien?dquotes,Global,"{""id"":""033"",""question"":""What was the name of the orange cat kept on the ship in dquotesAlien?dquotes"",""correct_answer"":0,""answers"":[""Jonesy"",""Pumpkin"",""Stevie"",""Tiger""],""edition"":""Global""}",
034,"[""dquotesScreamdquotes"",""dquotesThe Babadookdquotes"",""dquotesThe Thingdquotes"",""dquotesAliendquotes""]",1,"What horror movie was accidently tagged in the LGBTQ+ section of Netflix, unintentionally making the monster a LGBTQ+ icon?",Global,"{""id"":""034"",""question"":""What horror movie was accidently tagged in the LGBTQ+ section of Netflix, unintentionally making the monster a LGBTQ+ icon?"",""correct_answer"":1,""answers"":[""dquotesScreamdquotes"",""dquotesThe Babadookdquotes"",""dquotesThe Thingdquotes"",""dquotesAliendquotes""],""edition"":""Global""}",
035,"[""Ctrl + c"",""Shift + c"",""Ctrl + v"",""Shift + v""]",0,What is the computer shorthand for copying text or an image?,Global,"{""id"":""035"",""question"":""What is the computer shorthand for copying text or an image?"",""correct_answer"":0,""answers"":[""Ctrl + c"",""Shift + c"",""Ctrl + v"",""Shift + v""],""edition"":""Global""}",
036,"[""Greta Thunberg"",""Marie Curie"",""Malala Yousafzai"",""Gertrude Ellon""]",1,Who was the first woman to win a Nobel Prize?,Global,"{""id"":""036"",""question"":""Who was the first woman to win a Nobel Prize?"",""correct_answer"":1,""answers"":[""Greta Thunberg"",""Marie Curie"",""Malala Yousafzai"",""Gertrude Ellon""],""edition"":""Global""}",
037,"[""Neptune"",""Venus"",""Saturn"",""Jupiter""]",2,What planet in our solar system has the most moons with 83 in total?,Global,"{""id"":""037"",""question"":""What planet in our solar system has the most moons with 83 in total?"",""correct_answer"":2,""answers"":[""Neptune"",""Venus"",""Saturn"",""Jupiter""],""edition"":""Global""}",
038,"[""Orange"",""Pink"",""Blue"",""Purple""]",2,What color is the sunset on Mars?,Global,"{""id"":""038"",""question"":""What color is the sunset on Mars?"",""correct_answer"":2,""answers"":[""Orange"",""Pink"",""Blue"",""Purple""],""edition"":""Global""}",
039,"[""Type A+"",""Type B"",""Type C"",""Type O""]",3,What blood type is known as dquotesuniversal donordquotes blood?,Global,"{""id"":""039"",""question"":""What blood type is known as dquotesuniversal donordquotes blood?"",""correct_answer"":3,""answers"":[""Type A+"",""Type B"",""Type C"",""Type O""],""edition"":""Global""}",
040,"[""Makalu"",""Mount Everest"",""Annapurna"",""Kamet""]",1,What is the tallest mountain on Earth?,Global,"{""id"":""040"",""question"":""What is the tallest mountain on Earth?"",""correct_answer"":1,""answers"":[""Makalu"",""Mount Everest"",""Annapurna"",""Kamet""],""edition"":""Global""}",
041,"[""Radiation"",""Pressure"",""Temperature"",""Density""]",0,What does the Geiger Counter measure?,Global,"{""id"":""041"",""question"":""What does the Geiger Counter measure?"",""correct_answer"":0,""answers"":[""Radiation"",""Pressure"",""Temperature"",""Density""],""edition"":""Global""}",
042,"[""Copernicus"",""Plato"",""Galileo"",""Aristotle""]",2,Who invented the telescope?,Global,"{""id"":""042"",""question"":""Who invented the telescope?"",""correct_answer"":2,""answers"":[""Copernicus"",""Plato"",""Galileo"",""Aristotle""],""edition"":""Global""}",
043,"[""12"",""8"",""9"",""7""]",3,How many Zodiac Signs are represented by animals?,Global,"{""id"":""043"",""question"":""How many Zodiac Signs are represented by animals?"",""correct_answer"":3,""answers"":[""12"",""8"",""9"",""7""],""edition"":""Global""}",
044,"[""dquotesSick Sad Worlddquotes"",""dquotesThe Young Onesdquotes"",""dquotesArmy of Aliensdquotes"",""dquotesUf-oh nodquotes""]",0,What is the name of the popular TV show on dquotesDariadquotes,Global,"{""id"":""044"",""question"":""What is the name of the popular TV show on dquotesDariadquotes"",""correct_answer"":0,""answers"":[""dquotesSick Sad Worlddquotes"",""dquotesThe Young Onesdquotes"",""dquotesArmy of Aliensdquotes"",""dquotesUf-oh nodquotes""],""edition"":""Global""}",
045,"[""dquotesCSI: Crime Scene Investigationdquotes"",""dquotesLaw and Order: SVUdquotes"",""dquotesGunsmokedquotes"",""dquotesNCISdquotes""]",1,What is the longest running live action primetime show?,All,"{""id"":""045"",""question"":""What is the longest running live action primetime show?"",""correct_answer"":1,""answers"":[""dquotesCSI: Crime Scene Investigationdquotes"",""dquotesLaw and Order: SVUdquotes"",""dquotesGunsmokedquotes"",""dquotesNCISdquotes""],""edition"":""All""}",
046,"[""dquotesGolden Girlsdquotes"",""dquotesFamily Guydquotes"",""dquotesThe Simpsonsdquotes"",""dquotesSpongeBob SquarePantsdquotes""]",2,What is the longest running show of all time?,All,"{""id"":""046"",""question"":""What is the longest running show of all time?"",""correct_answer"":2,""answers"":[""dquotesGolden Girlsdquotes"",""dquotesFamily Guydquotes"",""dquotesThe Simpsonsdquotes"",""dquotesSpongeBob SquarePantsdquotes""],""edition"":""All""}",
047,"[""Applebee's"",""The Cheesecake Factory"",""T.G.I Fridays"",""Hibachi""]",1,What restaurant is Penny a waitress for in dquotesThe Big Bang Theory?dquotes,Global,"{""id"":""047"",""question"":""What restaurant is Penny a waitress for in dquotesThe Big Bang Theory?dquotes"",""correct_answer"":1,""answers"":[""Applebee's"",""The Cheesecake Factory"",""T.G.I Fridays"",""Hibachi""],""edition"":""Global""}",
048,"[""Sherwood"",""Canterbury"",""Far Far Away"",""Duloc""]",3,What is the name of the city Lord Farquaad rules in dquotesShrek?dquotes,Global,"{""id"":""048"",""question"":""What is the name of the city Lord Farquaad rules in dquotesShrek?dquotes"",""correct_answer"":3,""answers"":[""Sherwood"",""Canterbury"",""Far Far Away"",""Duloc""],""edition"":""Global""}",
049,"[""Martha Stewart"",""Bill Murray"",""Dwayne dquotesThe Rockdquotes Johnson"",""Willie Nelson""]",1,What famous actor played himself in the first dquotesZombielanddquotes movie?,Global,"{""id"":""049"",""question"":""What famous actor played himself in the first dquotesZombielanddquotes movie?"",""correct_answer"":1,""answers"":[""Martha Stewart"",""Bill Murray"",""Dwayne dquotesThe Rockdquotes Johnson"",""Willie Nelson""],""edition"":""Global""}",
050,"[""75 meters"",""100 meters"",""50 meters"",""30 meters""]",2,How long is an Olympic swimming pool in meters?,Global,"{""id"":""050"",""question"":""How long is an Olympic swimming pool in meters?"",""correct_answer"":2,""answers"":[""75 meters"",""100 meters"",""50 meters"",""30 meters""],""edition"":""Global""}",
051,"[""Germany, Russia, Japan"",""Russia, Japan, Italy"",""Italy, France, Russia"",""Germany, Italy, Japan""]",3,In World War II the Axis powers were made up of what countries?,Global,"{""id"":""051"",""question"":""In World War II the Axis powers were made up of what countries?"",""correct_answer"":3,""answers"":[""Germany, Russia, Japan"",""Russia, Japan, Italy"",""Italy, France, Russia"",""Germany, Italy, Japan""],""edition"":""Global""}",
052,"[""Atlantic"",""Pacific"",""Arctic"",""Indian""]",1,What is the largest ocean on Earth?,Global,"{""id"":""052"",""question"":""What is the largest ocean on Earth?"",""correct_answer"":1,""answers"":[""Atlantic"",""Pacific"",""Arctic"",""Indian""],""edition"":""Global""}",
053,"[""Coffee"",""Coca-Cola"",""Tea"",""Lemonade""]",2,What is the most consumed manufactured drink in the world?,Global,"{""id"":""053"",""question"":""What is the most consumed manufactured drink in the world?"",""correct_answer"":2,""answers"":[""Coffee"",""Coca-Cola"",""Tea"",""Lemonade""],""edition"":""Global""}",
054,"[""Mr. Potato Head Doll"",""Barbie Doll"",""GI Joe"",""Jack in the Box""]",0,What was the first toy to be advertised on television?,All,"{""id"":""054"",""question"":""What was the first toy to be advertised on television?"",""correct_answer"":0,""answers"":[""Mr. Potato Head Doll"",""Barbie Doll"",""GI Joe"",""Jack in the Box""],""edition"":""All""}",
055,"[""dquotesM.A.S.Hdquotes"",""dquotesStar Trekdquotes"",""dquotesFull Housedquotes"",""dquotesFamily Mattersdquotes""]",1,What TV show aired the first interracial kiss?,All,"{""id"":""055"",""question"":""What TV show aired the first interracial kiss?"",""correct_answer"":1,""answers"":[""dquotesM.A.S.Hdquotes"",""dquotesStar Trekdquotes"",""dquotesFull Housedquotes"",""dquotesFamily Mattersdquotes""],""edition"":""All""}",
056,"[""Tennis"",""Water Polo"",""Football (American)"",""Soccer""]",3,What sport is known as dquotesThe King of Sports?dquotes,Global,"{""id"":""056"",""question"":""What sport is known as dquotesThe King of Sports?dquotes"",""correct_answer"":3,""answers"":[""Tennis"",""Water Polo"",""Football (American)"",""Soccer""],""edition"":""Global""}",
057,"[""Russia"",""Asia"",""North America"",""Africa""]",1,What is the largest continent on Earth?,Global,"{""id"":""057"",""question"":""What is the largest continent on Earth?"",""correct_answer"":1,""answers"":[""Russia"",""Asia"",""North America"",""Africa""],""edition"":""Global""}",
058,"[""Arizona"",""Utah"",""New Mexico"",""Texas""]",2,"Famous for the alleged UFO crash, Roswell is a city in what US state?",All,"{""id"":""058"",""question"":""Famous for the alleged UFO crash, Roswell is a city in what US state?"",""correct_answer"":2,""answers"":[""Arizona"",""Utah"",""New Mexico"",""Texas""],""edition"":""All""}",
059,"[""Stallion"",""Cow"",""Unicorn"",""Pig""]",2,What is the national animal of Scotland?,Global,"{""id"":""059"",""question"":""What is the national animal of Scotland?"",""correct_answer"":2,""answers"":[""Stallion"",""Cow"",""Unicorn"",""Pig""],""edition"":""Global""}",
060,"[""Mars"",""Mercury"",""Neptune"",""Venus""]",3,What is the hottest planet in out solar system?,Global,"{""id"":""060"",""question"":""What is the hottest planet in out solar system?"",""correct_answer"":3,""answers"":[""Mars"",""Mercury"",""Neptune"",""Venus""],""edition"":""Global""}",
061,"[""Georgia"",""Florida"",""Alabama"",""Mississippi""]",0,In what US state is it illegal to eat fried chicken with a fork?,All,"{""id"":""061"",""question"":""In what US state is it illegal to eat fried chicken with a fork?"",""correct_answer"":0,""answers"":[""Georgia"",""Florida"",""Alabama"",""Mississippi""],""edition"":""All""}",
062,"[""New Mexico"",""Nevada"",""Utah"",""Arizona""]",1,Area 51 is located in what US state?,All,"{""id"":""062"",""question"":""Area 51 is located in what US state?"",""correct_answer"":1,""answers"":[""New Mexico"",""Nevada"",""Utah"",""Arizona""],""edition"":""All""}",
063,"[""Iceland"",""Ireland"",""Sweden"",""Netherlands""]",0,What country diverts roads to make sure elves are undisturbed?,Global,"{""id"":""063"",""question"":""What country diverts roads to make sure elves are undisturbed?"",""correct_answer"":0,""answers"":[""Iceland"",""Ireland"",""Sweden"",""Netherlands""],""edition"":""Global""}",
064,"[""Da Vinci"",""Michelangelo"",""Donatello"",""Raphael""]",1,Who painted the ceiling of the Sistine Chapel?,Global,"{""id"":""064"",""question"":""Who painted the ceiling of the Sistine Chapel?"",""correct_answer"":1,""answers"":[""Da Vinci"",""Michelangelo"",""Donatello"",""Raphael""],""edition"":""Global""}",
065,"[""Wheatfield with Crows"",""Irises"",""Tree Roots"",""Self Portrait""]",2,What was Vincent van Gogh's final painting?,Global,"{""id"":""065"",""question"":""What was Vincent van Gogh's final painting?"",""correct_answer"":2,""answers"":[""Wheatfield with Crows"",""Irises"",""Tree Roots"",""Self Portrait""],""edition"":""Global""}",
066,"[""Gritty"",""Benny the Bull"",""Otto the Orange"",""Jazz Bear""]",0,Who is the mascot of the Philadelphia Flyers?,All,"{""id"":""066"",""question"":""Who is the mascot of the Philadelphia Flyers?"",""correct_answer"":0,""answers"":[""Gritty"",""Benny the Bull"",""Otto the Orange"",""Jazz Bear""],""edition"":""All""}",
067,"[""Golf"",""Tennis"",""Soccer"",""Bowling""]",1,dquotesLovedquotes is a score in what sport?,Global,"{""id"":""067"",""question"":""dquotesLovedquotes is a score in what sport?"",""correct_answer"":1,""answers"":[""Golf"",""Tennis"",""Soccer"",""Bowling""],""edition"":""Global""}",
068,"[""1924"",""1932"",""1900"",""1950""]",2,What year were women first allowed to participate in the Olympics?,Global,"{""id"":""068"",""question"":""What year were women first allowed to participate in the Olympics?"",""correct_answer"":2,""answers"":[""1924"",""1932"",""1900"",""1950""],""edition"":""Global""}",
069,"[""Badminton"",""Golf"",""Basketball"",""Flag Football""]",1,What was the first and only sport played on the moon?,Global,"{""id"":""069"",""question"":""What was the first and only sport played on the moon?"",""correct_answer"":1,""answers"":[""Badminton"",""Golf"",""Basketball"",""Flag Football""],""edition"":""Global""}",
070,"[""The Springfield Isotopes"",""The Springfield Clowns"",""The Springfield Neutrons"",""The Springfield Experience""]",0,What is the name of the fictional baseball team in dquotesThe Simpsons?dquotes,Global,"{""id"":""070"",""question"":""What is the name of the fictional baseball team in dquotesThe Simpsons?dquotes"",""correct_answer"":0,""answers"":[""The Springfield Isotopes"",""The Springfield Clowns"",""The Springfield Neutrons"",""The Springfield Experience""],""edition"":""Global""}",
071,"[""1990"",""1985"",""1987"",""1995""]",1,What year was the WWE's first WrestleMania?,Global,"{""id"":""071"",""question"":""What year was the WWE's first WrestleMania?"",""correct_answer"":1,""answers"":[""1990"",""1985"",""1987"",""1995""],""edition"":""Global""}",
072,"[""WCW (World Championship Wrestling)"",""ECW (Extreme Championship Wrestling)"",""WWF (World Wrestling Federation)"",""It has always been WWE""]",2,"Before they rebranded as WWE (World Wrestling Entertainment), what name did WWE go by?",Global,"{""id"":""072"",""question"":""Before they rebranded as WWE (World Wrestling Entertainment), what name did WWE go by?"",""correct_answer"":2,""answers"":[""WCW (World Championship Wrestling)"",""ECW (Extreme Championship Wrestling)"",""WWF (World Wrestling Federation)"",""It has always been WWE""],""edition"":""Global""}",
073,"[""dquotesTake On Medquotes by A-ha"",""dquotesVideo Killed the Radio Stardquotes by the Buggles"",""dquotesBohemian Rhapsodydquotes by Queen"",""dquotesStairway to Heavendquotes by Led Zeppelin""]",1,What was the first music video to appear on MTV?,All,"{""id"":""073"",""question"":""What was the first music video to appear on MTV?"",""correct_answer"":1,""answers"":[""dquotesTake On Medquotes by A-ha"",""dquotesVideo Killed the Radio Stardquotes by the Buggles"",""dquotesBohemian Rhapsodydquotes by Queen"",""dquotesStairway to Heavendquotes by Led Zeppelin""],""edition"":""All""}",
074,"[""Duran Duran"",""AC/DC"",""The Zombies"",""Captain Beefheart and His Magic Band""]",0,The movie dquotesBarbarelladquotes inspired the name of what music group?,Global,"{""id"":""074"",""question"":""The movie dquotesBarbarelladquotes inspired the name of what music group?"",""correct_answer"":0,""answers"":[""Duran Duran"",""AC/DC"",""The Zombies"",""Captain Beefheart and His Magic Band""],""edition"":""Global""}",
075,"[""Spice Girls"",""Spice World"",""Spice"",""Baby Spice""]",2,What was the name of The Spice Girls debut album?,Global,"{""id"":""075"",""question"":""What was the name of The Spice Girls debut album?"",""correct_answer"":2,""answers"":[""Spice Girls"",""Spice World"",""Spice"",""Baby Spice""],""edition"":""Global""}",
076,"[""That's great it starts with an earthquake"",""The latter starts to clatter"",""Birthday party, cheesecake, jellybean, boom"",""Richard Nixon back again""]",3,Which of these is not a lyric of dquotesIt's the End of the World as We Know Itdquotes by REM?,Global,"{""id"":""076"",""question"":""Which of these is not a lyric of dquotesIt's the End of the World as We Know Itdquotes by REM?"",""correct_answer"":3,""answers"":[""That's great it starts with an earthquake"",""The latter starts to clatter"",""Birthday party, cheesecake, jellybean, boom"",""Richard Nixon back again""],""edition"":""Global""}",
077,"[""The Eagles"",""Led Zeppelin"",""Black Sabbath"",""Styx""]",1,The New Yardbirds was the original name for what popular band?,Global,"{""id"":""077"",""question"":""The New Yardbirds was the original name for what popular band?"",""correct_answer"":1,""answers"":[""The Eagles"",""Led Zeppelin"",""Black Sabbath"",""Styx""],""edition"":""Global""}",
078,"[""Motley Cru"",""Guns N Roses"",""Queen"",""The Beatles""]",2,Brian Harold May was the lead guitarist of what classic rock band?,Global,"{""id"":""078"",""question"":""Brian Harold May was the lead guitarist of what classic rock band?"",""correct_answer"":2,""answers"":[""Motley Cru"",""Guns N Roses"",""Queen"",""The Beatles""],""edition"":""Global""}",
079,"[""Switzerland"",""Iceland"",""Norway"",""Sweden""]",3,What country did ABBA originate from?,Global,"{""id"":""079"",""question"":""What country did ABBA originate from?"",""correct_answer"":3,""answers"":[""Switzerland"",""Iceland"",""Norway"",""Sweden""],""edition"":""Global""}",
080,"[""dquotesYou'll Be In My Heartdquotes by Phil Collins "",""dquotesMy Heart Will Go Ondquotes performed by Celine Dion"",""dquotesI Don't Want to Miss a Thingdquotes performed by Aerosmith"",""dquotesIf I Didn't Have Youdquotes by Randy Newman""]",2,Which song did NOT win an Academy Award for best original song?,Global,"{""id"":""080"",""question"":""Which song did NOT win an Academy Award for best original song?"",""correct_answer"":2,""answers"":[""dquotesYou'll Be In My Heartdquotes by Phil Collins "",""dquotesMy Heart Will Go Ondquotes performed by Celine Dion"",""dquotesI Don't Want to Miss a Thingdquotes performed by Aerosmith"",""dquotesIf I Didn't Have Youdquotes by Randy Newman""],""edition"":""Global""}",
081,"[""Lady Gaga"",""Ariana Grande"",""Tina Turner"",""Madonna""]",3,Who is known as dquotesThe Queen of Pop?dquotes,Global,"{""id"":""081"",""question"":""Who is known as dquotesThe Queen of Pop?dquotes"",""correct_answer"":3,""answers"":[""Lady Gaga"",""Ariana Grande"",""Tina Turner"",""Madonna""],""edition"":""Global""}",
082,"[""House Greyjoy"",""House Baratheon"",""House Tully"",""House Tyrell""]",0,In dquotesGame of Thronesdquotes what house does the motto dquotesWe do not sowdquotes belong to?,Global,"{""id"":""082"",""question"":""In dquotesGame of Thronesdquotes what house does the motto dquotesWe do not sowdquotes belong to?"",""correct_answer"":0,""answers"":[""House Greyjoy"",""House Baratheon"",""House Tully"",""House Tyrell""],""edition"":""Global""}",
083,"[""Legolas"",""Aragorn"",""Frodo"",""Samwise""]",1,"What dquotesLord of the Ringsdquotes character was injured by kicking a helmet on camera, breaking two of their toes?",Global,"{""id"":""083"",""question"":""What dquotesLord of the Ringsdquotes character was injured by kicking a helmet on camera, breaking two of their toes?"",""correct_answer"":1,""answers"":[""Legolas"",""Aragorn"",""Frodo"",""Samwise""],""edition"":""Global""}",
084,"[""Vermont"",""Florida"",""Colorado"",""Idaho""]",2,What US state does the show dquotesSouth Parkdquotes take place in?,Global,"{""id"":""084"",""question"":""What US state does the show dquotesSouth Parkdquotes take place in?"",""correct_answer"":2,""answers"":[""Vermont"",""Florida"",""Colorado"",""Idaho""],""edition"":""Global""}",
085,"[""From the south"",""Left handed"",""Farsighted"",""Stubborn""]",1,"To say someone is a dquotessouthpawdquotes means they are - ",Global,"{""id"":""085"",""question"":""To say someone is a dquotessouthpawdquotes means they are - "",""correct_answer"":1,""answers"":[""From the south"",""Left handed"",""Farsighted"",""Stubborn""],""edition"":""Global""}",
086,"[""Starbucks"",""Monk's Cafe"",""Luke's"",""Central Perk""]",3,What is the name of the coffee house on the TV show dquotesFriends?dquotes,Global,"{""id"":""086"",""question"":""What is the name of the coffee house on the TV show dquotesFriends?dquotes"",""correct_answer"":3,""answers"":[""Starbucks"",""Monk's Cafe"",""Luke's"",""Central Perk""],""edition"":""Global""}",
087,"[""dquotesGolden Girlsdquotes"",""dquotesM.A.S.Hdquotes"",""dquotesI Love Lucydquotes"",""dquotesGunsmokedquotes""]",2,What TV show aired the first ever rerun?,Global,"{""id"":""087"",""question"":""What TV show aired the first ever rerun?"",""correct_answer"":2,""answers"":[""dquotesGolden Girlsdquotes"",""dquotesM.A.S.Hdquotes"",""dquotesI Love Lucydquotes"",""dquotesGunsmokedquotes""],""edition"":""Global""}",
088,"[""Queens"",""Manhattan"",""Staten Island"",""Long Island""]",2,What part of New York City do the vampires from dquotesWhat We Do In the Shadowsdquotes live?,Global,"{""id"":""088"",""question"":""What part of New York City do the vampires from dquotesWhat We Do In the Shadowsdquotes live?"",""correct_answer"":2,""answers"":[""Queens"",""Manhattan"",""Staten Island"",""Long Island""],""edition"":""Global""}",
089,"[""A banana"",""An Ice cream cone"",""A hot dog"",""A stalk of corn""]",0,In dquotesArrested Developmentdquotes the Bluthe family own and operate a small food stand shaped as what?,Global,"{""id"":""089"",""question"":""In dquotesArrested Developmentdquotes the Bluthe family own and operate a small food stand shaped as what?"",""correct_answer"":0,""answers"":[""A banana"",""An Ice cream cone"",""A hot dog"",""A stalk of corn""],""edition"":""Global""}",
090,"[""Kraftwork"",""Reflections"",""What You Needle"",""OK Crochet""]",1,What is the name of the craft goods store ran by Edith in dquotesBob's Burgers?dquotes,Global,"{""id"":""090"",""question"":""What is the name of the craft goods store ran by Edith in dquotesBob's Burgers?dquotes"",""correct_answer"":1,""answers"":[""Kraftwork"",""Reflections"",""What You Needle"",""OK Crochet""],""edition"":""Global""}",
091,"[""The Hulk"",""Iron Man"",""Batman"",""Green Lantern""]",2,Mr. Freeze is a villain in which super hero's universe?,Global,"{""id"":""091"",""question"":""Mr. Freeze is a villain in which super hero's universe?"",""correct_answer"":2,""answers"":[""The Hulk"",""Iron Man"",""Batman"",""Green Lantern""],""edition"":""Global""}",
092,"[""The Thing"",""Beast Boy"",""Mystique"",""Magneto""]",3,Which of these super heroes cannot shapeshift?,Global,"{""id"":""092"",""question"":""Which of these super heroes cannot shapeshift?"",""correct_answer"":3,""answers"":[""The Thing"",""Beast Boy"",""Mystique"",""Magneto""],""edition"":""Global""}",
093,"[""Jack Nicholson"",""Jim Carrey"",""Danny DeVito"",""Anthony Hopkins""]",3,Which of these actors have never played a Batman villain?,Global,"{""id"":""093"",""question"":""Which of these actors have never played a Batman villain?"",""correct_answer"":3,""answers"":[""Jack Nicholson"",""Jim Carrey"",""Danny DeVito"",""Anthony Hopkins""],""edition"":""Global""}",
094,"[""Captain Kirk"",""Spock"",""Indiana Jones"",""Han Solo""]",0,What fictional character was Michael Myers' mask made from in the original dquotesHalloweendquotes,Global,"{""id"":""094"",""question"":""What fictional character was Michael Myers' mask made from in the original dquotesHalloweendquotes"",""correct_answer"":0,""answers"":[""Captain Kirk"",""Spock"",""Indiana Jones"",""Han Solo""],""edition"":""Global""}",
095,"[""dquotesTitanicdquotes"",""dquotesFried Green Tomatoesdquotes"",""dquotesMiserydquotes"",""dquotesAtonementdquotes""]",3,Which of the following movies did actress Kathy Bates NOT appear in?,Global,"{""id"":""095"",""question"":""Which of the following movies did actress Kathy Bates NOT appear in?"",""correct_answer"":3,""answers"":[""dquotesTitanicdquotes"",""dquotesFried Green Tomatoesdquotes"",""dquotesMiserydquotes"",""dquotesAtonementdquotes""],""edition"":""Global""}",
096,"[""dquotesPongdquotes"",""dquotesComputer Spacedquotes"",""dquotesTetrisdquotes"",""dquotesPac Mandquotes""]",1,What was the first arcade game to be released to the public?,Global,"{""id"":""096"",""question"":""What was the first arcade game to be released to the public?"",""correct_answer"":1,""answers"":[""dquotesPongdquotes"",""dquotesComputer Spacedquotes"",""dquotesTetrisdquotes"",""dquotesPac Mandquotes""],""edition"":""Global""}",
097,"[""28 years old"",""40 years old"",""35 years old"",""30 years old""]",2,What is the minimum age for someone to run for President in the US?,All,"{""id"":""097"",""question"":""What is the minimum age for someone to run for President in the US?"",""correct_answer"":2,""answers"":[""28 years old"",""40 years old"",""35 years old"",""30 years old""],""edition"":""All""}",
098,"[""Benjamin Franklin"",""Thomas Jefferson"",""George Washington"",""James Madison""]",3,Who wrote the original Bill of Rights and brought it to Congress?,All,"{""id"":""098"",""question"":""Who wrote the original Bill of Rights and brought it to Congress?"",""correct_answer"":3,""answers"":[""Benjamin Franklin"",""Thomas Jefferson"",""George Washington"",""James Madison""],""edition"":""All""}",
099,"[""Jim"",""Eddie"",""Sid"",""Lou""]",2,What is the name of Andy's neighbor in dquotesToy Story?dquotes,Global,"{""id"":""099"",""question"":""What is the name of Andy's neighbor in dquotesToy Story?dquotes"",""correct_answer"":2,""answers"":[""Jim"",""Eddie"",""Sid"",""Lou""],""edition"":""Global""}",
100,"[""Maleficent"",""Hades"",""Ursula"",""Cruella de Vil""]",1,Pain and Panic were the minions of what Disney movie villain?,Global,"{""id"":""100"",""question"":""Pain and Panic were the minions of what Disney movie villain?"",""correct_answer"":1,""answers"":[""Maleficent"",""Hades"",""Ursula"",""Cruella de Vil""],""edition"":""Global""}",
101,"[""Vatican City"",""Jerusalem"",""Rome"",""Istanbul""]",2,Of what city is the Catholic Pope also the bishop?,Global,"{""id"":""101"",""question"":""Of what city is the Catholic Pope also the bishop?"",""correct_answer"":2,""answers"":[""Vatican City"",""Jerusalem"",""Rome"",""Istanbul""],""edition"":""Global""}",
102,"[""Denominator"",""Difference"",""Numerator"",""Quotient""]",0,What is the number below the line in a fraction called?,All,"{""id"":""102"",""question"":""What is the number below the line in a fraction called?"",""correct_answer"":0,""answers"":[""Denominator"",""Difference"",""Numerator"",""Quotient""],""edition"":""All""}",
103,"[""Tempura"",""Hibachi"",""Sashimi"",""Wasabi""]",1,What Japanese food term literally translates to dquotesfire bowldquotes?,Global,"{""id"":""103"",""question"":""What Japanese food term literally translates to dquotesfire bowldquotes?"",""correct_answer"":1,""answers"":[""Tempura"",""Hibachi"",""Sashimi"",""Wasabi""],""edition"":""Global""}",
104,"[""Belgium"",""Pakistan"",""Ireland"",""Israel""]",2,What country's head of government is called the Taoiseach?,Global,"{""id"":""104"",""question"":""What country's head of government is called the Taoiseach?"",""correct_answer"":2,""answers"":[""Belgium"",""Pakistan"",""Ireland"",""Israel""],""edition"":""Global""}",
105,"[""1.6"",""2.5"",""3.2"",""26.2""]",0,Approximately how many kilometers are in a mile?,Global,"{""id"":""105"",""question"":""Approximately how many kilometers are in a mile?"",""correct_answer"":0,""answers"":[""1.6"",""2.5"",""3.2"",""26.2""],""edition"":""Global""}",
106,"[""Red"",""Yellow"",""Blue"",""Green""]",0,"Carmine, cerise, and vermilion are all shades of what primary color?",Global,"{""id"":""106"",""question"":""Carmine, cerise, and vermilion are all shades of what primary color?"",""correct_answer"":0,""answers"":[""Red"",""Yellow"",""Blue"",""Green""],""edition"":""Global""}",
107,"[""Sangria"",""Sambuca"",""Vermouth"",""Absinthe""]",0,"What alcoholic beverage's name comes from its dark red color, resembling blood?",Global,"{""id"":""107"",""question"":""What alcoholic beverage's name comes from its dark red color, resembling blood?"",""correct_answer"":0,""answers"":[""Sangria"",""Sambuca"",""Vermouth"",""Absinthe""],""edition"":""Global""}",
108,"[""2 inches"",""4 inches"",""10 inches"",""24 inches""]",1,"Mostly used today for measuring horse height, how long is a hand?",All,"{""id"":""108"",""question"":""Mostly used today for measuring horse height, how long is a hand?"",""correct_answer"":1,""answers"":[""2 inches"",""4 inches"",""10 inches"",""24 inches""],""edition"":""All""}",
109,"[""Chupacabra"",""Kraken"",""Sasquatch"",""Medusa""]",0,What mythological monster's name literally translates to dquotesgoat-suckerdquotes?,Global,"{""id"":""109"",""question"":""What mythological monster's name literally translates to dquotesgoat-suckerdquotes?"",""correct_answer"":0,""answers"":[""Chupacabra"",""Kraken"",""Sasquatch"",""Medusa""],""edition"":""Global""}",
110,"[""Southwest"",""Delta"",""American"",""United""]",0,What airline's New York Stock Exchange ticker is dquotesLUVdquotes?,All,"{""id"":""110"",""question"":""What airline's New York Stock Exchange ticker is dquotesLUVdquotes?"",""correct_answer"":0,""answers"":[""Southwest"",""Delta"",""American"",""United""],""edition"":""All""}",
111,"[""Apple"",""Banana"",""Peach"",""Raspberry""]",1,"What fruit has the cultivar variations dquotesGros Micheldquotes, dquotesBlue Javadquotes, and dquotesGoldfingerdquotes?",Global,"{""id"":""111"",""question"":""What fruit has the cultivar variations dquotesGros Micheldquotes, dquotesBlue Javadquotes, and dquotesGoldfingerdquotes?"",""correct_answer"":1,""answers"":[""Apple"",""Banana"",""Peach"",""Raspberry""],""edition"":""Global""}",
112,"[""4"",""7"",""13"",""50""]",1,How many red stripes are on the flag of the United States?,All,"{""id"":""112"",""question"":""How many red stripes are on the flag of the United States?"",""correct_answer"":1,""answers"":[""4"",""7"",""13"",""50""],""edition"":""All""}",
113,"[""Ace of Spades"",""Queen of Spades"",""King of Diamonds"",""2 of Clubs""]",1,"In addition to all the hearts, what card must you have to dquotesshoot the moondquotes in the game of Hearts?",Global,"{""id"":""113"",""question"":""In addition to all the hearts, what card must you have to dquotesshoot the moondquotes in the game of Hearts?"",""correct_answer"":1,""answers"":[""Ace of Spades"",""Queen of Spades"",""King of Diamonds"",""2 of Clubs""],""edition"":""Global""}",
114,"[""Mercury"",""Venus"",""Jupiter"",""Earth""]",1,What planet in our Solar System has the highest surface temperature?,Global,"{""id"":""114"",""question"":""What planet in our Solar System has the highest surface temperature?"",""correct_answer"":1,""answers"":[""Mercury"",""Venus"",""Jupiter"",""Earth""],""edition"":""Global""}",
115,"[""Turkey"",""Cardinal"",""Robin"",""Eagle""]",1,"The symbol of 7 states, what is the most commonly honored state bird in the US?",Global,"{""id"":""115"",""question"":""The symbol of 7 states, what is the most commonly honored state bird in the US?"",""correct_answer"":1,""answers"":[""Turkey"",""Cardinal"",""Robin"",""Eagle""],""edition"":""Global""}",
116,"[""Carp"",""Bass"",""Perch"",""Tuna""]",0,What kind of fish is the common aquarium goldfish?,Global,"{""id"":""116"",""question"":""What kind of fish is the common aquarium goldfish?"",""correct_answer"":0,""answers"":[""Carp"",""Bass"",""Perch"",""Tuna""],""edition"":""Global""}",
117,"[""Tug-of-War"",""Live Pigeon Shooting"",""Arm Wrestling"",""Badminton""]",2,Which of these has never been an Olympic sport?,Global,"{""id"":""117"",""question"":""Which of these has never been an Olympic sport?"",""correct_answer"":2,""answers"":[""Tug-of-War"",""Live Pigeon Shooting"",""Arm Wrestling"",""Badminton""],""edition"":""Global""}",
118,"[""Gund"",""Tiger Electronics"",""Mattel"",""Fisher-Price""]",1,What toy company created the original Furby?,Global,"{""id"":""118"",""question"":""What toy company created the original Furby?"",""correct_answer"":1,""answers"":[""Gund"",""Tiger Electronics"",""Mattel"",""Fisher-Price""],""edition"":""Global""}",
119,"[""Priuses"",""Priem"",""Prii"",""Priopodes""]",2,"According to Toyota, what is the official plural form of the car model dquotesPriusdquotes?",Global,"{""id"":""119"",""question"":""According to Toyota, what is the official plural form of the car model dquotesPriusdquotes?"",""correct_answer"":2,""answers"":[""Priuses"",""Priem"",""Prii"",""Priopodes""],""edition"":""Global""}",
120,"[""Eggplant"",""Cucumber"",""Carrot"",""Zucchini""]",0,What vegetable is known in British English by the name dquotesauberginedquotes?,All,"{""id"":""120"",""question"":""What vegetable is known in British English by the name dquotesauberginedquotes?"",""correct_answer"":0,""answers"":[""Eggplant"",""Cucumber"",""Carrot"",""Zucchini""],""edition"":""All""}",
121,"[""Technological Implement"",""Tiny Interconnector"",""Texas Instruments"",""Transducer Involvement""]",2,"What does the dquotesTIdquotes stand for in the name of the ubiquitous graphing calculator, the dquotesTI-83dquotes?",Global,"{""id"":""121"",""question"":""What does the dquotesTIdquotes stand for in the name of the ubiquitous graphing calculator, the dquotesTI-83dquotes?"",""correct_answer"":2,""answers"":[""Technological Implement"",""Tiny Interconnector"",""Texas Instruments"",""Transducer Involvement""],""edition"":""Global""}",
122,"[""Diwali"",""Navratri"",""Holi"",""Rosh Hashanah""]",2,What Hindu holiday is known as the dquotesfestival of colorsdquotes?,Global,"{""id"":""122"",""question"":""What Hindu holiday is known as the dquotesfestival of colorsdquotes?"",""correct_answer"":2,""answers"":[""Diwali"",""Navratri"",""Holi"",""Rosh Hashanah""],""edition"":""Global""}",
123,"[""Hey Jude"",""Revolution 9"",""A Day in the Life"",""Yellow Submarine""]",1,What is the longest song ever released by The Beatles?,Global,"{""id"":""123"",""question"":""What is the longest song ever released by The Beatles?"",""correct_answer"":1,""answers"":[""Hey Jude"",""Revolution 9"",""A Day in the Life"",""Yellow Submarine""],""edition"":""Global""}",
124,"[""Wringling"",""Busking"",""Scraping"",""Dongling""]",1,What word means performing in the street for donations?,Global,"{""id"":""124"",""question"":""What word means performing in the street for donations?"",""correct_answer"":1,""answers"":[""Wringling"",""Busking"",""Scraping"",""Dongling""],""edition"":""Global""}",
125,"[""Red"",""Yellow"",""Blue"",""White""]",1,"In a standard set of pool table balls, what color is the 1 ball?",Global,"{""id"":""125"",""question"":""In a standard set of pool table balls, what color is the 1 ball?"",""correct_answer"":1,""answers"":[""Red"",""Yellow"",""Blue"",""White""],""edition"":""Global""}",
126,"[""Zooplankton"",""Krill"",""Brine Shrimp"",""Algae""]",2,What kind of animal is a dquotessea monkeydquotes?,Global,"{""id"":""126"",""question"":""What kind of animal is a dquotessea monkeydquotes?"",""correct_answer"":2,""answers"":[""Zooplankton"",""Krill"",""Brine Shrimp"",""Algae""],""edition"":""Global""}",
127,"[""Abraham Lincoln"",""Benjamin Harrison"",""Harry Truman"",""Ulysses S. Grant""]",1,Who was the last US President to have a full beard while in office?,All,"{""id"":""127"",""question"":""Who was the last US President to have a full beard while in office?"",""correct_answer"":1,""answers"":[""Abraham Lincoln"",""Benjamin Harrison"",""Harry Truman"",""Ulysses S. Grant""],""edition"":""All""}",
128,"[""Baku, Azerbaijan"",""Amsterdam, Netherlands"",""Bangkok, Thailand"",""Canberra, Australia""]",0,"At 28 meters below sea level, what is the world's lowest national capital?",Global,"{""id"":""128"",""question"":""At 28 meters below sea level, what is the world's lowest national capital?"",""correct_answer"":0,""answers"":[""Baku, Azerbaijan"",""Amsterdam, Netherlands"",""Bangkok, Thailand"",""Canberra, Australia""],""edition"":""Global""}",
129,"[""Dr. Seuss"",""Dr. Phil"",""Dr. Dre"",""Dr. Scholl""]",0,Theodore Geisel is the real name of what dquotesDoctordquotes?,Global,"{""id"":""129"",""question"":""Theodore Geisel is the real name of what dquotesDoctordquotes?"",""correct_answer"":0,""answers"":[""Dr. Seuss"",""Dr. Phil"",""Dr. Dre"",""Dr. Scholl""],""edition"":""Global""}",
130,"[""Kane-El"",""Krypto"",""Red"",""Peter Parker""]",1,What is the name of Superman's Superdog?,Global,"{""id"":""130"",""question"":""What is the name of Superman's Superdog?"",""correct_answer"":1,""answers"":[""Kane-El"",""Krypto"",""Red"",""Peter Parker""],""edition"":""Global""}",
131,"[""United Software Bureau"",""Union of Silicon Braids"",""Universal Serial Bus"",""Unified Silver Bands""]",2,What does the technology acronym USB stand for?,Global,"{""id"":""131"",""question"":""What does the technology acronym USB stand for?"",""correct_answer"":2,""answers"":[""United Software Bureau"",""Union of Silicon Braids"",""Universal Serial Bus"",""Unified Silver Bands""],""edition"":""Global""}",
132,"[""West Virginia"",""Pennsylvania"",""New York"",""Oregon""]",2,In what US state are the Adirondack Mountains?,All,"{""id"":""132"",""question"":""In what US state are the Adirondack Mountains?"",""correct_answer"":2,""answers"":[""West Virginia"",""Pennsylvania"",""New York"",""Oregon""],""edition"":""All""}",
133,"[""John Quincy Adams"",""Franklin Pierce"",""William Howard Taft"",""George Washington""]",2,Who is the only person to hold the positions of US President and Chief Justice of the Supreme Court?,All,"{""id"":""133"",""question"":""Who is the only person to hold the positions of US President and Chief Justice of the Supreme Court?"",""correct_answer"":2,""answers"":[""John Quincy Adams"",""Franklin Pierce"",""William Howard Taft"",""George Washington""],""edition"":""All""}",
134,"[""Bandai Namco"",""Square Enix"",""Capcom"",""Eversoft""]",1,"What video game company is known for its dquotesFinal Fantasydquotes, dquotesDragon Questdquotes, and dquotesKingdom Heartsdquotes franchises?",Global,"{""id"":""134"",""question"":""What video game company is known for its dquotesFinal Fantasydquotes, dquotesDragon Questdquotes, and dquotesKingdom Heartsdquotes franchises?"",""correct_answer"":1,""answers"":[""Bandai Namco"",""Square Enix"",""Capcom"",""Eversoft""],""edition"":""Global""}",
135,"[""Swiss"",""Second"",""Steel"",""Superior""]",1,"What word mixes with dquoteswatchdquotes to form the portmanteau company name, dquotesSwatchdquotes?",Global,"{""id"":""135"",""question"":""What word mixes with dquoteswatchdquotes to form the portmanteau company name, dquotesSwatchdquotes?"",""correct_answer"":1,""answers"":[""Swiss"",""Second"",""Steel"",""Superior""],""edition"":""Global""}",
136,"[""Quick Valise Channel"",""Queen Victoria Commerce"",""Quality Value Convenience"",""Qualified Visual Consumption""]",2,What does the shopping channel initialism dquotesQVCdquotes stand for?,All,"{""id"":""136"",""question"":""What does the shopping channel initialism dquotesQVCdquotes stand for?"",""correct_answer"":2,""answers"":[""Quick Valise Channel"",""Queen Victoria Commerce"",""Quality Value Convenience"",""Qualified Visual Consumption""],""edition"":""All""}",
137,"[""Hello"",""Thank you"",""Stand tall"",""See you later""]",1,What is Styx telling Mr. Roboto when they say dquotesdomo arigatodquotes?,Global,"{""id"":""137"",""question"":""What is Styx telling Mr. Roboto when they say dquotesdomo arigatodquotes?"",""correct_answer"":1,""answers"":[""Hello"",""Thank you"",""Stand tall"",""See you later""],""edition"":""Global""}",
138,"[""Steam"",""Sky"",""Liberty"",""Sun""]",0,Which of the following is not a WNBA team name?,All,"{""id"":""138"",""question"":""Which of the following is not a WNBA team name?"",""correct_answer"":0,""answers"":[""Steam"",""Sky"",""Liberty"",""Sun""],""edition"":""All""}",
139,"[""&"",""#"",""@"",""%""]",1,What many-named symbol is also known as the dquotesoctothorpedquotes?,Global,"{""id"":""139"",""question"":""What many-named symbol is also known as the dquotesoctothorpedquotes?"",""correct_answer"":1,""answers"":[""&"",""#"",""@"",""%""],""edition"":""Global""}",
140,"[""Pennsylvania"",""Maine"",""Maryland"",""Alaska""]",2,In what state is the Blair Witch supposed to be lurking in the 1999 film dquotesThe Blair Witch Projectdquotes?,All,"{""id"":""140"",""question"":""In what state is the Blair Witch supposed to be lurking in the 1999 film dquotesThe Blair Witch Projectdquotes?"",""correct_answer"":2,""answers"":[""Pennsylvania"",""Maine"",""Maryland"",""Alaska""],""edition"":""All""}",
141,"[""Arbor Day"",""Flag Day"",""Earth Day"",""Presidents' Day""]",2,What holiday is celebrated annually on April 22?,All,"{""id"":""141"",""question"":""What holiday is celebrated annually on April 22?"",""correct_answer"":2,""answers"":[""Arbor Day"",""Flag Day"",""Earth Day"",""Presidents' Day""],""edition"":""All""}",
142,"[""12"",""$20 "",""$32 "",""40""]",1,How many baby teeth to humans normally grow?,Global,"{""id"":""142"",""question"":""How many baby teeth to humans normally grow?"",""correct_answer"":1,""answers"":[""12"",""$20 "",""$32 "",""40""],""edition"":""Global""}",
143,"[""2 gallons"",""5 gallons"",""10 gallons"",""25 gallons""]",0,"When Peter Piper picked a peck of pickled peppers, how many pickled peppers did Peter Piper pick?",Global,"{""id"":""143"",""question"":""When Peter Piper picked a peck of pickled peppers, how many pickled peppers did Peter Piper pick?"",""correct_answer"":0,""answers"":[""2 gallons"",""5 gallons"",""10 gallons"",""25 gallons""],""edition"":""Global""}",
144,"[""7"",""17"",""31"",""22""]",1,How many total syllables are in a haiku?,Global,"{""id"":""144"",""question"":""How many total syllables are in a haiku?"",""correct_answer"":1,""answers"":[""7"",""17"",""31"",""22""],""edition"":""Global""}",
145,"[""%"","""",""="",""/""]",1,What mathematical symbol is more formally known as an obelus?,Global,"{""id"":""145"",""question"":""What mathematical symbol is more formally known as an obelus?"",""correct_answer"":1,""answers"":[""%"","""",""="",""/""],""edition"":""Global""}",
146,"[""Sirius"",""Polaris"",""Vega"",""Betelgeuse""]",0,What is the brightest star in our night sky?,Global,"{""id"":""146"",""question"":""What is the brightest star in our night sky?"",""correct_answer"":0,""answers"":[""Sirius"",""Polaris"",""Vega"",""Betelgeuse""],""edition"":""Global""}",
147,"[""$1 "",""$20 "",""$100 "",""$5 ""]",1,What is the most commonly counterfeited bill in the United States?,All,"{""id"":""147"",""question"":""What is the most commonly counterfeited bill in the United States?"",""correct_answer"":1,""answers"":[""$1 "",""$20 "",""$100 "",""$5 ""],""edition"":""All""}",
148,"[""Sunflower"",""Rose"",""Lily"",""Dandelion""]",1,What is the official national flower of the United States?,Global,"{""id"":""148"",""question"":""What is the official national flower of the United States?"",""correct_answer"":1,""answers"":[""Sunflower"",""Rose"",""Lily"",""Dandelion""],""edition"":""Global""}",
149,"[""Hitman"",""Accountant"",""Surfer"",""Dancer""]",0,"What is Lon's profession in the 1994 movie, dquotesLon: The Professionaldquotes?",Global,"{""id"":""149"",""question"":""What is Lon's profession in the 1994 movie, dquotesLon: The Professionaldquotes?"",""correct_answer"":0,""answers"":[""Hitman"",""Accountant"",""Surfer"",""Dancer""],""edition"":""Global""}",
150,"[""Connecticut"",""Delaware"",""Hawaii"",""Vermont""]",1,"After Rhode Island, what is the second-smallest state in the US?",All,"{""id"":""150"",""question"":""After Rhode Island, what is the second-smallest state in the US?"",""correct_answer"":1,""answers"":[""Connecticut"",""Delaware"",""Hawaii"",""Vermont""],""edition"":""All""}",
151,"[""United States"",""China"",""Turkey"",""Brazil""]",1,What country produces the world's most apples?,Global,"{""id"":""151"",""question"":""What country produces the world's most apples?"",""correct_answer"":1,""answers"":[""United States"",""China"",""Turkey"",""Brazil""],""edition"":""Global""}",
152,"[""Main deck"",""Orlop Deck"",""Poop Deck"",""Steerage""]",2,Which of these decks is highest on a ship?,Global,"{""id"":""152"",""question"":""Which of these decks is highest on a ship?"",""correct_answer"":2,""answers"":[""Main deck"",""Orlop Deck"",""Poop Deck"",""Steerage""],""edition"":""Global""}",
153,"[""Cary Grant"",""John Wayne"",""Humphrey Bogart"",""Rock Hudson""]",1,What film star was born with the name dquotesMarion Robert Morrisondquotes?,Global,"{""id"":""153"",""question"":""What film star was born with the name dquotesMarion Robert Morrisondquotes?"",""correct_answer"":1,""answers"":[""Cary Grant"",""John Wayne"",""Humphrey Bogart"",""Rock Hudson""],""edition"":""Global""}",
154,"[""Port"",""Starboard"",""Aft"",""Stern""]",1,What is the nautical term for the right-hand side of a ship?,Global,"{""id"":""154"",""question"":""What is the nautical term for the right-hand side of a ship?"",""correct_answer"":1,""answers"":[""Port"",""Starboard"",""Aft"",""Stern""],""edition"":""Global""}",
155,"[""New Zealand"",""Denmark"",""Argentina"",""France""]",1,What country controls the island of Zealand?,Global,"{""id"":""155"",""question"":""What country controls the island of Zealand?"",""correct_answer"":1,""answers"":[""New Zealand"",""Denmark"",""Argentina"",""France""],""edition"":""Global""}",
156,"[""12.5 cents"",""50 cents"",""5 dollars"",""10 cents""]",0,"As in the song phrase dquotesshave and a haircut, two bitsdquotes, how much is a bit worth?",All,"{""id"":""156"",""question"":""As in the song phrase dquotesshave and a haircut, two bitsdquotes, how much is a bit worth?"",""correct_answer"":0,""answers"":[""12.5 cents"",""50 cents"",""5 dollars"",""10 cents""],""edition"":""All""}",
157,"[""6 minutes, 21 seconds"",""14 minutes, 11 seconds"",""24 minutes, 37 seconds"",""3 minutes, 4 seconds""]",2,"According to Guinness World Records, what is the longest recorded time a person has ever held their breath?",All,"{""id"":""157"",""question"":""According to Guinness World Records, what is the longest recorded time a person has ever held their breath?"",""correct_answer"":2,""answers"":[""6 minutes, 21 seconds"",""14 minutes, 11 seconds"",""24 minutes, 37 seconds"",""3 minutes, 4 seconds""],""edition"":""All""}",
158,"[""Platinum"",""Rhodium"",""Gold"",""Nickel""]",1,What is the most valuable precious metal in the world?,All,"{""id"":""158"",""question"":""What is the most valuable precious metal in the world?"",""correct_answer"":1,""answers"":[""Platinum"",""Rhodium"",""Gold"",""Nickel""],""edition"":""All""}",
159,"[""Triceratops"",""T-Rex"",""Velociraptor"",""Brontosaurus""]",1,What kind of dinosaur is Barney?,All,"{""id"":""159"",""question"":""What kind of dinosaur is Barney?"",""correct_answer"":1,""answers"":[""Triceratops"",""T-Rex"",""Velociraptor"",""Brontosaurus""],""edition"":""All""}",
160,"[""Ampere"",""Volt"",""Coulomb"",""Ohm""]",0,What unit measures electric current?,All,"{""id"":""160"",""question"":""What unit measures electric current?"",""correct_answer"":0,""answers"":[""Ampere"",""Volt"",""Coulomb"",""Ohm""],""edition"":""All""}",
161,"[""Zorro"",""Don Quixote"",""Thor"",""Shrek""]",0,Which of these heroes' names translates to dquotesfoxdquotes?,All,"{""id"":""161"",""question"":""Which of these heroes' names translates to dquotesfoxdquotes?"",""correct_answer"":0,""answers"":[""Zorro"",""Don Quixote"",""Thor"",""Shrek""],""edition"":""All""}",
162,"[""think.com"",""symbolics.com"",""xerox.com"",""microsoft.com""]",1,What was the first ever internet domain name?,All,"{""id"":""162"",""question"":""What was the first ever internet domain name?"",""correct_answer"":1,""answers"":[""think.com"",""symbolics.com"",""xerox.com"",""microsoft.com""],""edition"":""All""}",
163,"[""Rose"",""Virginia"",""Claudia"",""Michelle""]",2,"What was the real first name of the former US First Lady, dquotesLady Birddquotes Johnson?",All,"{""id"":""163"",""question"":""What was the real first name of the former US First Lady, dquotesLady Birddquotes Johnson?"",""correct_answer"":2,""answers"":[""Rose"",""Virginia"",""Claudia"",""Michelle""],""edition"":""All""}",
164,"[""Munch's Make Believe Band"",""The ShowBiz Cheesers"",""Chuck and the Cheeseheads"",""Pizza Rock City""]",0,What is the name of the Chuck E. Cheese's animatronic band?,All,"{""id"":""164"",""question"":""What is the name of the Chuck E. Cheese's animatronic band?"",""correct_answer"":0,""answers"":[""Munch's Make Believe Band"",""The ShowBiz Cheesers"",""Chuck and the Cheeseheads"",""Pizza Rock City""],""edition"":""All""}",
165,"[""Barack Obama"",""Woodrow Wilson"",""Gerald Ford"",""George Washington""]",1,Who was the only US President to earn a Ph.D?,All,"{""id"":""165"",""question"":""Who was the only US President to earn a Ph.D?"",""correct_answer"":1,""answers"":[""Barack Obama"",""Woodrow Wilson"",""Gerald Ford"",""George Washington""],""edition"":""All""}",
166,"[""Daniel"",""Henry"",""Harrison"",""Alexander""]",1,What is the real first name of the film character dquotesIndiana Jonesdquotes?,All,"{""id"":""166"",""question"":""What is the real first name of the film character dquotesIndiana Jonesdquotes?"",""correct_answer"":1,""answers"":[""Daniel"",""Henry"",""Harrison"",""Alexander""],""edition"":""All""}",
167,"[""Lindsay Lohan"",""Carmen Electra"",""Paris Hilton"",""Kim Kardashian""]",2,What celebrity trademarked the phrase dquotesThat's hotdquotes in 2007?,All,"{""id"":""167"",""question"":""What celebrity trademarked the phrase dquotesThat's hotdquotes in 2007?"",""correct_answer"":2,""answers"":[""Lindsay Lohan"",""Carmen Electra"",""Paris Hilton"",""Kim Kardashian""],""edition"":""All""}",
168,"[""Lightning"",""Feet"",""Pain"",""Sound""]",1,What does a Brannock Device measure?,All,"{""id"":""168"",""question"":""What does a Brannock Device measure?"",""correct_answer"":1,""answers"":[""Lightning"",""Feet"",""Pain"",""Sound""],""edition"":""All""}",
169,"[""John F. Kennedy"",""Thomas Jefferson"",""Susan B. Anthony"",""Harriet Tubman""]",0,Who is on the obverse side of a standard 2022 US half dollar coin?,All,"{""id"":""169"",""question"":""Who is on the obverse side of a standard 2022 US half dollar coin?"",""correct_answer"":0,""answers"":[""John F. Kennedy"",""Thomas Jefferson"",""Susan B. Anthony"",""Harriet Tubman""],""edition"":""All""}",
170,"[""Saint"",""Twas"",""On"",""From""]",1,"What is the first word of Clement Clarke Moore's poem, dquotesA Visit from St. Nicholasdquotes?",All,"{""id"":""170"",""question"":""What is the first word of Clement Clarke Moore's poem, dquotesA Visit from St. Nicholasdquotes?"",""correct_answer"":1,""answers"":[""Saint"",""Twas"",""On"",""From""],""edition"":""All""}",
171,"[""Baltimore"",""Detroit"",""Chicago"",""Miami""]",1,In what city was the fictional RoboCop deployed to fight crime?,All,"{""id"":""171"",""question"":""In what city was the fictional RoboCop deployed to fight crime?"",""correct_answer"":1,""answers"":[""Baltimore"",""Detroit"",""Chicago"",""Miami""],""edition"":""All""}",
172,"[""Lemur"",""Koala"",""Lynx"",""Kangaroo""]",0,What kind of animal is the PBS television star Zoboomafoo?,All,"{""id"":""172"",""question"":""What kind of animal is the PBS television star Zoboomafoo?"",""correct_answer"":0,""answers"":[""Lemur"",""Koala"",""Lynx"",""Kangaroo""],""edition"":""All""}",
173,"[""Surcharge"",""Underneath"",""Dreamt"",""Because""]",1,Which of these words is grammatically a preposition?,All,"{""id"":""173"",""question"":""Which of these words is grammatically a preposition?"",""correct_answer"":1,""answers"":[""Surcharge"",""Underneath"",""Dreamt"",""Because""],""edition"":""All""}",
174,"[""Square-circle"",""Wind-water"",""Peace-war"",""Good place""]",1,What does the Chinese interior decorating and metaphysical system dquotesfeng shuidquotes mean in English?,All,"{""id"":""174"",""question"":""What does the Chinese interior decorating and metaphysical system dquotesfeng shuidquotes mean in English?"",""correct_answer"":1,""answers"":[""Square-circle"",""Wind-water"",""Peace-war"",""Good place""],""edition"":""All""}",
175,"[""Eve 6"",""Blink-182"",""Twenty One Pilots"",""Avenged Sevenfold""]",3,Which of these band names has a prime number in it?,All,"{""id"":""175"",""question"":""Which of these band names has a prime number in it?"",""correct_answer"":3,""answers"":[""Eve 6"",""Blink-182"",""Twenty One Pilots"",""Avenged Sevenfold""],""edition"":""All""}",
176,"[""Dory"",""Marlin"",""Clowny"",""Andy""]",1,What is the name of Nemo's dad in the 2003 movie dquotesFinding Nemodquotes?,All,"{""id"":""176"",""question"":""What is the name of Nemo's dad in the 2003 movie dquotesFinding Nemodquotes?"",""correct_answer"":1,""answers"":[""Dory"",""Marlin"",""Clowny"",""Andy""],""edition"":""All""}",
177,"[""Enamel"",""Cartilage"",""Bone"",""Iron""]",2,What is a swordfish's dquotessworddquotes made out of?,All,"{""id"":""177"",""question"":""What is a swordfish's dquotessworddquotes made out of?"",""correct_answer"":2,""answers"":[""Enamel"",""Cartilage"",""Bone"",""Iron""],""edition"":""All""}",
178,"[""100 thousand years"",""1 million years"",""1 billion years"",""1 thousand years""]",2,"In astronomical terminology, how long is an eon?",All,"{""id"":""178"",""question"":""In astronomical terminology, how long is an eon?"",""correct_answer"":2,""answers"":[""100 thousand years"",""1 million years"",""1 billion years"",""1 thousand years""],""edition"":""All""}",
179,"[""Queen Victoria"",""Queen Elizabeth I"",""Queen Elizabeth II"",""Queen Latifah""]",0,For what Queen is the Australian state dquotesQueenslanddquotes named?,All,"{""id"":""179"",""question"":""For what Queen is the Australian state dquotesQueenslanddquotes named?"",""correct_answer"":0,""answers"":[""Queen Victoria"",""Queen Elizabeth I"",""Queen Elizabeth II"",""Queen Latifah""],""edition"":""All""}",
180,"[""YouTube"",""Reddit"",""Twitter"",""Instagram""]",0,Which of these websites was founded first?,All,"{""id"":""180"",""question"":""Which of these websites was founded first?"",""correct_answer"":0,""answers"":[""YouTube"",""Reddit"",""Twitter"",""Instagram""],""edition"":""All""}",